reference,pad_number,net,connection
C1,1,GND,connected
C1,2,+5V_IN,connected
C2,1,GND,connected
C2,2,+3V3_CAM,connected
C3,1,GND,connected
C3,2,+3V3_CAM,connected
J1,1,+5V_IN,connected
J1,2,CAM_D0,connected
J1,3,CAM_PWDN,connected
J1,4,CAM_D1,connected
J1,5,CAM_RST_N,connected
J1,6,CAM_D2,connected
J1,7,,no-connect
J1,8,CAM_D3,connected
J1,9,CAM_PCLK_MCU,connected
J1,10,CAM_D4,connected
J1,11,CAM_VSYNC,connected
J1,12,CAM_D5,connected
J1,13,,no-connect
J1,14,CAM_D6,connected
J1,15,,no-connect
J1,16,CAM_D7,connected
J1,17,CAM_HREF,connected
J1,18,CAM_SCL,connected
J1,19,GND,connected
J1,20,CAM_SDA,connected
J2,1,+3V3_CAM,connected
J2,2,GND,connected
J2,3,CAM_VSYNC,connected
J2,4,CAM_SCL,connected
J2,5,CAM_HREF,connected
J2,6,CAM_SDA,connected
J2,7,CAM_RST_N,connected
J2,8,CAM_D0,connected
J2,9,CAM_D1,connected
J2,10,CAM_D2,connected
J2,11,CAM_D3,connected
J2,12,CAM_D4,connected
J2,13,CAM_D5,connected
J2,14,CAM_D6,connected
J2,15,CAM_D7,connected
J2,16,CAM_PCLK_CAM,connected
J2,17,,no-connect
J2,18,CAM_PWDN,connected
R1,1,CAM_PCLK_MCU,connected
R1,2,CAM_PCLK_CAM,connected
U1,1,GND,connected
U1,2,+3V3_CAM,connected
U1,3,+5V_IN,connected
U1,4,+3V3_CAM,connected
